OD_id,matching_prob,ride_distance,detour_distance,shared_distance,ride_distance_for_taker,detour_distance_for_taker,shared_distance_for_taker,ride_distance_for_seeker,detour_distance_for_seeker,shared_distance_for_seeker
0,0.13107428497177653,6078.742660589541,169.66050447423615,342.9701685003182,6018.972130020298,109.88997390499372,230.25555180303994,5973.552224205403,64.47006809009518,122.5616897889379
1,0.04474957643919997,1562.0335548033997,29.874314047552392,64.30359189906319,1553.4973110133703,21.338070257523217,29.217837540289,1541.260333001178,9.101092245330964,35.859191234869954
2,0.0965167525894387,4815.3348203123,101.55342944735989,170.83650030422012,4737.829415190951,24.04802432601256,38.474313743993605,4793.212614258827,79.43122339388843,135.4432935745568
3,0.08657198607681105,4787.494438496229,96.02982614444902,147.62156940936245,4698.715225023107,7.250612671326746,17.39182087969893,4780.831894595864,89.3672822440822,131.64033094429533
4,0.10929612098395258,5378.024095339762,123.11201953290936,300.1608825873137,5319.702876457304,64.79080065045041,171.57176391833266,5316.376469717389,61.46439391053705,136.91252381998166
5,0.14127339860381583,7083.934289809292,171.46726957533517,351.6512696683913,7011.70777669751,99.2407564635526,247.2057750713879,6989.441853383107,76.97483314914653,116.27341869746762
6,0.08670214524801301,6804.011295361559,63.516460815383525,247.06739537326766,6787.211988186213,46.71715364003648,147.11890097977243,6758.419771116147,17.92493656997078,103.49325999979816
7,0.03170023598181382,760.3798421998949,20.55073007818709,28.312812935346685,754.7522647239994,14.923152602291694,15.556263271482663,745.7267214002608,5.897609278553046,13.03803749192325
8,0.11631133014862205,4976.134526737258,76.42311833849845,274.73875800666366,4971.530223149932,71.81881475117211,216.1578446022768,4905.5971552281935,5.8857468294329305,62.43775802307903
9,0.1379721361453612,5798.253825033688,133.02493293896447,560.1009997368761,5732.492054715048,67.2631626203231,173.35769402119652,5737.78120957777,72.55231748304797,404.24461775193566
10,0.1462086507338216,3610.413275318694,150.82386214052624,319.4082743153942,3533.840175236523,74.25076205835467,143.69299555191563,3542.046571737008,82.45715855884048,187.10234018987447
11,0.12059962545764469,5033.406895737022,153.1915227066506,296.66884511837407,4935.191196551571,54.97582352119995,100.95111980279559,4982.706843518741,102.49147048836943,203.56924755578405
12,0.1751456345831801,1602.4106983198794,112.43301662588476,252.82408409601805,1590.1123031075167,100.13462141352227,128.70483673803142,1511.7034448444983,21.725763150503504,136.23641357102977
13,0.21378706320294039,5386.487629990959,246.0211490225079,677.8234011122885,5271.597347868693,131.13086690024065,295.1120255261114,5273.129561234597,132.66308026614624,422.7093301752897
14,0.17863224916545883,6900.899142122318,206.0476485738463,730.8143495731159,6785.124514861673,90.27302131320053,317.0466013080223,6821.510271922232,126.6587783737611,451.9938214410838
15,0.25316569526508237,3030.462459573941,247.30899856890898,609.3199467504211,2962.6539184704675,179.5004574654354,309.8811811336922,2875.0497884425918,91.89632743755938,341.02279156017147
16,0.1205085955582137,5447.338050709887,166.12360404223017,345.38330567991073,5313.17450562417,31.960058956512285,75.20673574328755,5418.73440264777,137.51995598011155,278.07470014733485
17,0.20547142512680028,6048.012171133978,274.40109744081275,735.7819038594085,5895.467565522635,121.85649182946895,294.9977053223258,5943.909309905507,170.29823621234186,483.76328163561726
18,0.20119317036570017,8034.81790457393,297.185037084335,802.0704099762861,7838.027219027711,100.39435153811647,254.4339002549634,7949.904345057927,212.2714775683327,586.8701740946312
19,0.17135983305913727,6982.990592297458,197.88767444731545,701.706894659813,6874.604616287812,89.5016984376693,323.9965553829799,6903.476022100163,118.37310425002148,413.8637889267654
20,0.2095998118024064,4297.853524676819,207.7120034561607,655.2766233522664,4209.801163920736,119.65964270007932,313.1276810907322,4192.912134811417,102.77061359076109,380.6639526345952
21,0.059782572907472464,4797.393677866964,48.463282319717486,204.47372040187767,4786.739864611515,37.809469064268576,111.11855937284493,4760.560160023113,11.62976447586646,96.22339209164384
22,0.05948757852968922,4720.633153402755,48.695537374204754,201.82240848092542,4710.442638572131,38.50502254358041,108.40969146278948,4683.134671205146,11.197055176595514,96.24660000646772
23,0.238749773371993,4080.093233272376,246.5361470009633,616.6411244745549,4014.6664388730655,181.10935260165303,375.30335623308764,3917.2585057667497,83.70141949533642,279.2073096755048
24,0.18575861750475053,4733.410162332517,226.50476767829554,603.6085433212755,4649.174027902816,142.26863324859443,327.60390255811126,4604.7588056812865,97.8534110270648,307.3613274315077
25,0.09635765059138135,6288.2263141328285,158.6553416995318,275.6942100690717,6160.233466087627,30.66249365433128,54.83478322571064,6260.1411770748,130.57020464150372,225.46860155194437
26,0.25809141948582603,2968.961382750098,259.99208074624653,547.0692270579373,2886.904847410796,177.93554540694413,283.12902002014107,2815.008102312827,106.03880030897547,302.1005148233923
27,0.09150977812844985,3115.663074954699,90.95257748145181,185.01196182065976,3082.784625099606,58.07412762635878,91.93311179346361,3060.045747352005,35.33524987875773,96.96803924899406
28,0.13860688098997598,5302.46111663589,175.532036823655,468.3839451017104,5207.954345917273,81.02526610503661,221.98233640334092,5227.445725423158,100.5166456109201,262.86667119326427
29,0.18180737139414027,4761.089215896846,174.8348745095109,541.1826797612655,4727.212379284119,140.9580378967855,322.85579547773085,4628.847741144188,42.59339975685412,238.29164095665288
30,0.09072340261284695,8432.068193836705,144.13713187503558,421.7054485821098,8341.360799220265,53.42973725859389,137.0246470821932,8381.905013492144,93.97395153047243,293.0581365063124
31,0.09443204722477239,4492.5828936285325,76.98472474218156,236.03472214776275,4472.070236306281,56.47206741992925,157.47908922147872,4437.438592461605,21.840423575253944,82.25826733962809
32,0.07909939330391125,5869.977360185562,68.20162672998109,208.72972495598106,5842.502031902397,40.72629844681715,126.95052924919652,5830.289219597569,28.5134861419899,85.01530344670773
33,0.1275947453465457,5489.20274874793,149.6653849438298,445.5191026046042,5460.845613780225,121.30824997612578,312.64240922182,5371.660224114953,32.12286031085231,142.58193143527637
34,0.16714143297079276,5002.126882534176,186.25602897590872,486.37299655115953,4988.036784029621,172.1659304713537,363.9190620864557,4835.085778227107,19.214924668840016,133.28663479023675
35,0.13247491990883176,4748.217106404096,158.73145289609883,431.5690337775877,4735.49218648703,146.00653297903304,295.99726352987346,4606.891381006594,17.405727498595258,145.06111436796374
36,0.11158063962325726,10893.519707280779,127.70959844997202,515.1473827829444,10870.859205654298,105.04909682349204,354.7049442212342,10792.155929523704,26.34582069289755,172.88615234334813
37,0.13396390416202986,6745.316635340828,174.06951446036507,472.2623591312167,6718.7186360887135,147.47151520825093,318.7463301993122,6602.810267179831,31.56314629936864,164.24774480244002
38,0.09413857920340252,10643.563189064022,138.4027547702358,454.3920098716685,10598.446940242107,93.28650594832185,251.59181872720444,10554.608347566831,49.44791327304963,214.4826025103792
39,0.0842149378686079,8478.896732786321,93.60680317957217,447.8513436979693,8447.405584927552,62.11565532080479,217.46920875059314,8419.658517265492,34.368587658748616,240.45615820765698
40,0.07339587607596909,15017.499052514402,103.69476154805768,435.37514864847805,14968.794397690766,54.99010672442188,212.78392259425567,14964.870620072918,51.06632910657689,231.7297120064784
41,0.11716200460753845,4920.052687261952,107.81232818779715,297.17801954791184,4896.033344385743,83.79298531158838,205.88424354016246,4838.557677883843,26.317318809689656,96.94003667001006
42,0.07136222169346429,3871.082135338268,67.02054107643353,183.3221008587939,3865.7656109869076,61.70401672507296,123.58606614515662,3810.608450593463,6.546856331626371,62.20024851305825
43,0.13426748527319066,4821.452783776583,131.2430691271095,522.950402696383,4793.8491310384015,103.6394163889275,280.15424141897074,4724.122013911966,33.91229926249212,259.8494614886565
44,0.07668158336767394,3770.4545295203948,74.12194700580436,204.9385950258333,3761.094330864781,64.76174835018993,134.18094420057105,3707.187299086023,10.854716571433398,73.8541673674793
45,0.08804070461443714,2133.173870181432,67.12252898293524,167.60445442049564,2124.267865496615,58.21652429811797,73.93056579749666,2077.695853655679,11.644512457183035,97.15158557404129
46,0.12657358762173032,10709.41569198285,147.09490554445992,611.4679203233216,10649.55277446262,87.2319880242293,279.67303312660886,10628.10696983851,65.7861834001207,350.7853719049606
47,0.1334227956864732,4823.744187695941,106.71320065574432,506.3199690881389,4798.053060404547,81.02207336434951,277.71151833573566,4747.418936335235,30.38794929503776,244.70729290519253
48,0.12069524381885244,6816.260867875104,99.15266469995733,575.6455051696973,6786.333867521097,69.2256643459505,316.4805736122488,6750.968298921767,33.86009574662202,277.1459548915981
49,0.1435129679423176,5133.146417163815,109.01045977422037,542.3421556665695,5108.435994221518,84.30003683192285,286.4755713775428,5054.1299394256275,29.993982036032506,273.8216252020287
50,0.08510277559404456,15632.693542373707,108.37507174849294,479.60385182138083,15570.882121616807,46.56365099159384,171.87932426358054,15588.829209646734,64.51073902152747,317.68845842268064
51,0.14952747978008207,4956.932390096267,130.44736349414572,579.2599594727047,4925.0991599866375,98.61413338451587,291.6398346351559,4865.502599424441,39.017572822319444,308.8669831608008
52,0.08000911291965518,8647.58734412399,96.57035105988076,375.4340217640688,8594.287149343842,43.270156279731665,149.81477973424808,8606.532801437033,55.51580837292766,233.2903874777933
53,0.16422843136871368,4556.759363706617,141.77911607157324,602.9839006539619,4523.566842184966,108.58659454992339,309.69085626216764,4456.623123462017,41.642875826975136,317.3936018444151
54,0.11290935612043296,2478.1650133047456,106.2134672811274,268.26836132576136,2469.5419263028894,97.59038027927114,148.92583467175717,2385.807814914846,13.85626889122785,127.3285184969864
55,0.13608813910799167,4237.000620846723,162.37093462580137,327.4564224512489,4180.463366551743,105.83368033082077,157.55147553015732,4137.951825697809,63.322139476887735,180.00540519081002
56,0.10801059859080198,5383.827039675726,80.19050571914671,388.89194711688475,5330.336123841419,26.69958988484027,76.2467700179426,5359.409632180332,55.77309822375416,319.16246955690684
57,0.06845243351223318,7561.133814158644,75.25196867685598,222.9061477313359,7507.568378959392,21.686533477604723,94.5590616881299,7540.577327004878,54.695481523088205,133.27438897783543
58,0.13410297303219865,3929.5337578909675,105.72388747421617,432.52932163920065,3879.9594524784056,56.14958206165373,116.07273359120549,3879.089844158081,55.2799737413292,328.2513778855675
59,0.09961323715449943,6656.382101280565,96.1316538139054,360.02097144502994,6629.727977750628,69.47753028396684,162.77802191199427,6590.212508545914,29.962061079252873,204.99307433863865
60,0.0689706287562788,7493.298482287446,70.78707900083482,275.4437765309394,7457.495500766156,34.984097479544815,91.60523013394767,7459.826066394468,37.314663107857534,187.79685744696917
61,0.1793707437250417,3322.398531775674,149.0620971195876,497.4182859531252,3274.3063902013696,100.96995554528255,190.77390660554005,3233.2666153642185,59.930180708132376,329.0113196905137
62,0.19471420379605064,6947.292971759009,243.51229916185522,723.8630211984046,6824.2241969049,120.44352430774535,314.80985216839855,6842.171113087835,138.3904404906799,449.1002477064648
63,0.2506836315079203,4600.458798042711,242.40096964870702,723.5994965630106,4517.183831213005,159.12600281900075,382.48052825505306,4460.375607813953,102.317779419949,386.89090306372896
64,0.2565908771345019,3207.5391676587155,214.5546290700939,636.5893248944981,3158.744320412428,165.75978182380615,343.4402831943294,3062.7292698758783,69.74473128725634,336.5554339429293
65,0.09617702206313572,1227.1894294980912,34.092654635301265,96.47526460291283,1216.0344846187727,22.93770975598268,38.13192253140394,1205.4671774754968,12.370402612706762,60.363933517769794
66,0.05099057357456116,4720.330316343493,61.49928788022848,150.64166469581505,4675.435254303584,16.604225840320034,49.859358726175394,4704.271799615997,45.44077115273173,102.42096751749254
67,0.19712748220955068,5563.458916053293,201.06779329249528,584.505652586736,5465.575571883457,103.184449122659,221.98490309330973,5473.085158289101,110.6940355283029,390.08091097073367
68,0.18809555997221428,6613.159554888025,249.95332676744474,753.9276475286963,6471.126441501041,107.92021338046152,315.1532611023804,6519.079362800029,155.87313467944972,479.190613446461
69,0.17553268641494313,3660.6631351213096,196.526603918074,484.573009626903,3579.673841788978,115.53731058574239,284.42805592165047,3555.3547037624053,91.21817255916947,225.3262584975928
70,0.21625300960905125,4209.20760564115,200.6732956632365,613.8420999048295,4151.6113402552555,143.07703027734217,323.0410111464286,4080.8612225439174,72.3269125660049,324.0601181824816
71,0.1819155442460012,13121.030282354513,251.58001139101503,761.4704230350534,12967.410490747528,97.96021978402898,262.48413431837514,13035.9689875236,166.5187165600989,533.5489219714835
72,0.10062544662394901,10724.916086903015,173.3007421937302,391.10941188802485,10598.183594257382,46.56824954809476,114.13368904014266,10682.005965916009,130.3906212067214,285.9413960632487
73,0.19964830678203693,21799.02211814821,254.35589148383895,1165.6107080358934,21677.7520176421,133.08579097772093,541.211760034788,21683.023387084195,138.35716041982337,693.8858383879573
74,0.15116713305821072,7024.580621604863,139.2971711945168,478.3870253935574,6964.214821118238,78.93137070789136,188.81653015387045,6953.269340685721,67.98589027537649,307.79897525300925
75,0.1424203724000006,8905.20200056248,184.52837864599934,678.7427151888091,8823.456750047262,102.78312813077869,364.18673546088274,8810.48605564122,89.81243372474134,343.14005934167346
76,0.12903539832540956,7836.39460410192,138.14903857471344,557.6355529811105,7777.472363562699,79.22679803549163,308.8304944837754,7762.517847301088,64.27228177388027,269.65981876756604
77,0.17488279014281594,3665.925293409053,148.89410895611206,503.1671193279172,3626.4421446260285,109.41096017308708,303.0048832164227,3564.9950534650434,47.96386901210302,223.64891092485584
78,0.14771921126743925,6858.645908602997,159.20089990696118,614.5684876235257,6802.019464435249,102.57445573921078,393.6323170778867,6762.626055762394,63.18104706635644,246.08964085079467
79,0.0989485024277369,2008.2336971904083,63.6681284272063,157.89381487524497,2003.1131499091164,58.54758114591448,88.50386001896506,1952.2396532495861,7.674084486384144,73.2500272099006
80,0.13193992700538004,6701.821100609356,136.78302190940556,486.32260540868765,6626.973056219211,61.934977519261544,176.48180806253822,6645.131136050295,80.09305735034535,324.78629999430825
81,0.12519347505952438,8111.57600890323,145.8408461818911,513.9984695163375,8037.281305977149,71.54614325580891,171.90114915863123,8046.408103996389,80.67294127504796,357.4220667647162
82,0.19714399566566654,3897.3850477977076,147.24395078633904,519.4039436112121,3867.448894656537,117.30779764516852,361.3372541108437,3787.6939252201287,37.552828208759635,181.5279470606029
83,0.22322412499905764,4729.250930440852,190.04581338147864,658.5826093176546,4688.635583545929,149.4304664865563,444.91393020508167,4590.846652099464,51.64153504009256,246.49802655551662
84,0.18718667562545743,4985.747787294764,171.40332752133355,622.3681803877206,4939.900536660921,125.55607688748997,421.95832081996247,4868.697483483409,54.35302370997922,228.99534753022442
85,0.1718061267614659,22750.289370518472,215.60986483638652,1112.6584573383082,22683.590541834874,148.91103615278368,724.528586604756,22612.673877211033,77.99437152894673,443.0884816203483
86,0.19879043848783462,4735.446722545461,205.00938896369695,466.44050039935405,4624.5351009840415,94.09776740227728,203.4961856510705,4653.974149283449,123.5368157016852,290.2476070747084
87,0.21654189724779493,6825.592625903342,350.5032652924951,799.9614129631568,6584.836272573802,109.74691196295,267.81574118849005,6734.495804811043,259.40644420019595,577.657548331542
88,0.1834460746731975,6243.067719114339,227.0040361557594,721.5061260597541,6116.635408103245,100.57172514466622,303.9799516788655,6155.570309617915,139.50662665933453,457.04354204331855
89,0.18670334934357258,4975.802468800541,210.58978974176043,451.33459398190723,4852.834634993982,87.621955935203,185.42669670166674,4899.7789333029905,134.56625424420994,290.45262200998116
90,0.17925656606336304,6211.357514610207,238.43912663225873,670.76276797211,6054.083045203584,81.16465722563696,261.2935158305673,6140.554027198843,167.6356392208945,442.8249833357566
91,0.1762814336988966,1444.7160938980555,166.8872170155805,263.529879331585,1432.2209950215065,154.39211813903097,157.94451682936386,1305.1102732533657,27.281396370890473,120.71187700042793
92,0.1818488194074923,6305.608399840934,249.50247692840944,691.3873465447914,6142.622020082003,86.51609716947651,268.4721331741167,6230.512834008488,174.40691109596304,458.35479641183
93,0.22878650674824608,2495.538024107759,174.42413645136648,388.67095523088125,2446.5687714393744,125.4548837829819,188.44780929281987,2384.349577727157,63.23569007076453,221.65299222082788
94,0.1741495003418656,5613.723376822262,269.1680568224666,568.8386305711866,5435.1326413172055,90.5773213174094,204.06373434975004,5534.959891538359,190.4045715385632,391.3905596450081
95,0.18926447019724024,4755.3966286794275,207.03879517315963,462.3569617864421,4642.163312710379,93.80547920411053,192.87548893600587,4673.485061986245,125.12722847997696,293.9368054213162
96,0.1485612940259785,2694.8052128729623,113.27830547481302,299.90410665556067,2639.407837613263,57.88093021511286,124.81189170152652,2641.7254247652263,60.19851736707601,185.44518658946538
97,0.13900155932269875,5559.169968041192,158.37451000232787,411.33326515835057,5451.875679335095,51.080221296230484,108.32307326883932,5513.209056457441,112.41359841857856,313.8664361852247
98,0.12170597829764296,3339.5391913257263,132.91648471935062,308.6727280087262,3264.9004446261547,58.277738019779214,113.3902594413493,3285.909693075407,79.28698646903153,204.32649002932513
99,0.15536476979305747,2357.515157434199,172.1751328848477,318.47359073726994,2277.267544017851,91.92751946850002,125.8532506402556,2274.770210100642,89.43018555129113,205.19172850282533
100,0.12086509025337666,7577.686331473367,147.96759462774207,391.80792370509477,7488.3696136286635,58.65087678303676,169.2377315062667,7523.917078629161,94.19834178353543,236.65617022317082
101,0.12003489346325802,5169.7221974428085,134.3086018844115,348.2452693113715,5084.499639011714,49.08604345331738,101.86256474053435,5125.10216156128,89.68856600288468,255.65049136742175
102,0.14609349164157193,934.2215462727276,79.26578398567331,122.9567713132701,937.1598962902976,82.20413400324342,63.97548135238732,858.228000370409,3.2722380833545466,63.8146887680813
103,0.11440329268580862,5336.924766826884,131.85088072304762,391.3913104304598,5268.485134743822,63.41124863998505,157.20680676363324,5278.4162229502,73.34233684636551,246.3391067833737
104,0.1983540746494532,9498.656319231884,247.83831433054957,639.04147663825,9396.21985326555,145.4018483642122,316.5519146030728,9369.18628080149,118.36827590015628,357.17443705141494
105,0.23350433493326295,2489.092420598644,162.96342343022496,430.62851911339175,2464.2001822990424,138.07118513062352,238.58443201868263,2366.810862730441,40.681865562021535,219.32826842933912
106,0.10378575492751174,18614.30875310316,108.40290299111544,752.9966159394403,18563.620844252946,57.71499414090327,262.283238473982,18560.817284446184,54.91143433413741,509.90700224512744
107,0.11885900156388296,4144.738082789361,119.61002840602215,305.08636072024217,4087.652668471364,62.52461408802451,116.61690952365672,4087.0792393225506,61.951184939211366,197.5447752201467
108,0.07625605468321928,6121.529864193497,88.62719348479577,278.4380753241657,6072.21070646369,39.308035754987586,94.69249706820877,6084.316230727164,51.41356001846053,188.7909634747464
109,0.09901432751345784,18380.666079520237,107.54581556041079,739.9406524285124,18330.426656992153,57.30639303232717,236.23035265359522,18327.47136393944,54.35109997961862,520.6595957082003
110,0.11721661278350959,2937.778698994897,86.81777232822114,303.6822781002648,2901.748069487701,50.78714282102518,98.80392025750689,2891.2807816231525,40.31985495647603,213.2228376799204
111,0.03630331871672432,5659.627493705284,27.640032904097858,108.21137162722266,5644.9731752732205,12.985714472033353,46.6651454779556,5646.953126392489,14.965665591300095,62.6650756751185
112,0.047615375888644396,7608.82228808563,45.30804820836428,150.18624118509868,7588.864993711866,25.35075383460182,75.75511880127286,7584.1337577778995,20.619517900638094,76.41003087225857
113,0.09162997473998025,5649.727575456726,106.83239633290866,284.4868678491855,5626.786303505958,83.89112438214057,201.9790701059427,5568.19608583803,25.30090671421364,88.18893312938212
114,0.13395745644911794,6656.606967479989,155.48232352013736,545.9612603396383,6572.300395333013,71.17575137316064,247.16655204193603,6591.532459510775,90.4078155509259,319.98202653782073
115,0.08595620136125093,3944.3902674198607,95.67353859051315,240.77326941904187,3880.856690142561,32.139961313214066,67.17201441947682,3914.2407938654515,65.52406503610422,177.76134315689828
116,0.09110305630667248,2825.248091944609,72.75926524066575,208.53848984863717,2787.0744486841563,34.58562198021317,71.02416848314203,2792.6007008234633,40.11187411951894,141.49462379210217
117,0.12004291610467388,2707.3857689015163,99.60012124770155,276.54417800328247,2647.891753916374,40.10610626255861,62.523317616924,2671.2804294821667,63.49478182835302,220.25784620621607
118,0.15795339995459667,6075.997674451883,177.44579257160726,470.02825013342874,5997.343584366015,98.79170248573979,228.30193778210327,5986.044528746531,87.4926468662545,262.1517083045007
119,0.16049226019499463,4806.691631689635,193.37069263861744,399.6515941719729,4722.739418735326,109.41847968430734,195.03310093790682,4705.50225260387,92.18131355285219,219.28646351014928
120,0.13513877704626698,4827.860116528581,186.7824729508506,379.7937467430293,4708.930001067817,67.8523574900866,170.4367877125821,4765.918970731843,124.84132715411201,224.20519673022795
121,0.12108374760940699,3011.736825081933,95.87233751181456,218.2714254917092,2978.1832148404724,62.3187272703538,133.16547507171404,2951.8507002150086,35.986212644891346,90.30404526086228
122,0.10576374754639184,11372.364483044334,149.64622987239056,347.28550355592023,11282.71796930801,59.99971613606592,140.72653542007035,11316.685847328368,93.96759415642975,216.69386069790596
123,0.1422292993414721,3215.9185841142153,150.41024885677206,315.03683713066414,3182.74060913429,117.23227387684634,180.16877544546182,3104.9736879862776,39.465352728833636,144.5308372360185
124,0.05902748750069764,5382.2791223345375,68.076779639628,187.62225500939616,5324.8707079334345,10.668365238525162,35.70260723407925,5372.148034704003,57.94569200909273,153.71769377251053
125,0.1344598230350974,2367.7877121438864,89.79229824902616,231.1310329798689,2349.073728025022,71.07831413016162,128.29602159912707,2300.5154096771707,22.519995782309806,109.70484447337417
126,0.13911932605091226,6792.215123190666,165.4028955507308,509.8823006122311,6731.67176533995,104.85953770001453,336.09335413492886,6693.24820422478,66.4359765848448,192.67583114636685
127,0.22821418179453679,7618.314555807563,212.68074141198838,893.0231392279474,7531.475103943636,125.84128954806279,500.52590107312176,7510.060298051949,104.42648365637652,462.44856308745904
128,0.16944628879472068,4150.215686852856,163.9216952921401,415.27347747593734,4091.3047810937733,105.01078953305786,228.86834005047535,4055.2853044733447,68.99131291262911,208.37512796190055
129,0.22517255114431933,7541.7185641639135,220.43076692237779,869.3921111646779,7451.471923063965,130.18412582242763,490.8795881072042,7429.305051577892,108.01725433635416,445.5193969815417
130,0.14436288899472827,4609.860729576196,138.88333332806113,364.0681620215405,4557.024847138942,86.04745089080683,174.33745854584853,4531.1639888241025,60.18659257596746,204.6236969441061
131,0.12161917165867397,3823.953336532918,126.99168909941798,260.0122502927848,3761.344078982433,64.3824315489334,114.12102449843334,3764.527018820212,67.5653713867117,154.67618117602612
132,0.19680957298576307,5389.61102036121,215.46365396654298,649.5111804360432,5341.233006239919,167.08563984525242,416.28804652343257,5235.137046719738,60.98968032507239,264.64466057546645
133,0.11125863173035366,6988.374373026829,148.96794638898174,406.1888745589677,6914.730252016377,75.32382537852926,165.10280269151298,6918.021877380082,78.6154507422346,251.9827631559834
134,0.16754576560165502,1191.0746207792881,92.16289244997871,184.55147281456829,1184.0786690429009,85.16694071359164,96.99049452724745,1113.8270637496698,14.915335420360588,96.579793961852
135,0.1564254997025536,6794.737166373341,178.41842281896882,450.6016495637537,6716.006484806767,99.68774125239487,217.28546940351615,6703.999904892198,87.68116133782475,252.82519073716418
136,0.1436758219738743,7935.659768826692,177.65125810801823,438.4589823337061,7854.462006637317,96.4534959186451,208.5764914585194,7847.769594544174,89.76108382550095,248.40030160960404
137,0.16879299898531563,4497.342890094109,146.12762847977476,537.3282403649151,4458.482401239823,107.26713962548841,304.47544166016456,4399.398453265793,48.1831916514586,259.31508772957153
138,0.11901071375432049,4800.901845962883,120.26077378149172,318.4501084603061,4749.94759720978,69.30652502838949,154.2293954964382,4736.602153301347,55.9610811199554,175.36253155851608
139,0.15587728357538977,5163.346602633448,149.38311869381923,515.0658627495728,5107.5747068779065,93.61122293827799,280.1237069867382,5077.800793185524,63.83730924589608,259.0772269047714
140,0.09903417886465349,11717.434794762847,109.09410491068881,574.3601042904795,11716.58923213294,108.24854228078047,504.4347772307781,11610.2276667753,1.8869769231415878,74.77828466950866
141,0.038689915964775445,986.0351441901446,21.061994141462186,32.249245229512844,986.38450328612,21.411353237437456,16.777985576056068,964.9731500486826,0.0,15.745018243497142
142,0.01898058369069411,3000.6838430996395,9.663231785625209,47.2790907964666,2999.8542259988208,8.833614684805637,21.26570424353474,2991.948292570455,0.9276812564400141,26.24946242953798
143,0.1293964839554428,10586.67528108791,154.46174202274455,672.0466407829575,10554.385846368788,122.17230730362216,470.39497363562504,10469.832617241256,37.61907817608696,222.17217256101517
144,0.0430389549297997,20731.379001311747,36.286259729547645,293.09276143063397,20719.081951376716,23.98920979451978,175.68293533417264,20707.919004179308,12.826262597106535,121.28546996661643
145,0.020782034745136513,3045.827759665998,21.52127600730746,39.24157783492532,3029.2565780396103,4.950094380919448,12.958459847587186,3040.9362735356144,16.629789876923233,26.43654388245349
146,0.11686908044514577,8929.352013395366,121.72483245690715,513.4343529401382,8929.725651661265,122.09847072280594,463.9361856872078,8808.327676126764,0.7004951883110591,53.579540055678045
147,0.04888518200079606,26435.60881275383,48.574551067525796,282.58899770964126,26434.538756900205,47.50449521390059,211.62577769195755,26388.339060485683,1.304798799371168,72.0089664934122
148,0.010192860669178572,4156.820000736968,4.843879585347608,42.320514104654826,4156.844055581941,4.867934430320199,21.911846470287365,4151.97612115162,0.0,20.51694478506674
149,0.06754350174158985,7091.462442410543,88.80519981540162,199.73214094312314,7040.409668646422,37.75242605128021,99.0156496379673,7055.16815309567,52.51091050053147,104.54083774637567
150,0.040794368810809556,7281.615386819591,42.16628584677015,121.83326873579269,7266.94227756392,27.493176591098848,57.429957359172114,7254.786846037203,15.337745064381354,65.79165608197395
151,0.04851416713719514,9755.814007427232,27.816694435004774,179.23997551212258,9747.298187415674,19.30087442344779,86.45766627438326,9737.127066166773,9.129753174543378,95.53240373375722
152,0.0358677151725415,8734.656819026486,35.440407366322,139.8703110765963,8734.743108010984,35.52669635081863,119.04543325414372,8699.216411660167,0.0,21.11402121600157
153,0.08855522515522363,2885.594863063565,45.52758308702963,183.4133734588111,2879.724450167759,39.657170191223635,101.85958861076178,2847.3599873061876,7.292707329652954,85.20695337259242
154,0.05693001675711784,15947.651052617915,67.79857376969268,260.64390691463433,15897.678192524858,17.825713676633647,73.17494694486201,15930.639920912137,50.78744206391168,190.81283688716707
155,0.10668090589927393,7375.1972347299525,88.49327530506245,270.3106026712258,7368.246203238598,81.54224381370798,220.8615831723482,7295.992670347524,9.288710922629166,55.780750832152215
156,0.03819934586018625,9644.884438959636,21.107749659084586,100.35629980537243,9644.939188460465,21.162499159913384,75.65435284613112,9623.776689300548,0.0,24.897672332816168
157,0.00828587248303947,18492.995571514097,5.72531280647842,127.9464898993124,18493.010339303604,5.74008059598609,80.59071422639211,18487.270258707616,0.0,47.56311539299325
158,0.17988076039625545,3269.0492815322978,156.62980129252813,415.43445838075263,3212.321446098577,99.90196585880626,199.03436293463906,3178.5665845320436,66.14710429227297,235.16607427801614
159,0.18252834995873612,4901.445457472903,199.29111776035924,568.8132509237953,4859.601435248581,157.44709553603784,356.26789276427223,4755.204942148201,53.05060243565726,237.90336621545768
160,0.0282142993023482,1525.5856524244577,9.514758607155862,36.00451463569961,1521.7691667469883,5.6982729296863175,12.634630490440982,1519.99404211172,3.9231482944179996,23.606384356623785
161,0.10309865209236524,10979.657609228796,151.9223513765486,540.6204199203222,10954.746583754611,127.01132590236455,491.0646600154132,10854.754730747893,27.01947289564888,57.70766296415157
162,0.04102705091604153,3445.8524081959144,16.695631996084423,70.5691087094764,3437.3341690450848,8.177392845255453,18.26657594712067,3437.936055794411,8.779279594583116,52.88564221806346
163,0.09421031738185426,4108.336464038325,78.48440257796457,186.12284018327603,4088.3076720997133,58.45561063935325,131.56024156979842,4051.6607153686023,21.808653908240885,58.568357310106876
164,0.18674928114467948,6728.9869712893305,216.06768396669565,695.7378544404661,6608.340875979202,95.4215886565667,241.48644543728864,6646.260370498363,133.3410831757267,486.37901804526126
165,0.1981310462201551,4571.533594117038,211.49613637839306,618.6436791859743,4478.800267383017,118.76280964437129,261.2246260445003,4467.343942136864,107.30648439821755,389.47342834964365
166,0.19296467010291118,6166.324323816322,266.54179865081903,755.0658226833276,6003.0660385716565,103.28351340615224,245.7966612839134,6077.888200809864,178.10567564436187,544.6033485186381
167,0.08129396288317015,6677.6170812226765,81.04925384905543,226.00488299095355,6619.2300094413695,22.662182067749374,73.90507458631826,6656.47891883273,59.91109145911242,157.06988532055516
168,0.16343410995839247,5547.387262996866,178.60447258832826,624.5142258352997,5440.1407982388355,71.35800783029732,189.8955486515961,5484.3754228445805,115.59263243604202,456.8292200301817
169,0.17843877869291858,3256.81842986199,167.30053929931188,411.046026706318,3191.217161042216,101.69927047953776,196.9218935708506,3165.0764008469546,75.5585102842766,233.40449605927557
170,0.12022717669492033,3963.213552118863,110.86637865389827,369.2904118198052,3925.536850177237,73.18967671227168,184.52706454464285,3894.6424344546185,42.29526098965439,196.40773732909136
171,0.10927158493509381,2726.401583150972,86.50848795434091,199.77782893058995,2681.3871437012117,41.49404850458008,91.27072144972581,2687.3992685472776,47.50617335064624,113.98795013157464
172,0.11259135973278556,2736.9865008379384,86.12345877004057,199.7394862187092,2692.052992734702,41.18995066680423,91.01483026454804,2698.2700228774906,47.406980809591936,114.19013223875349
173,0.020605421951154668,2777.5761576632276,15.239748859713766,45.80367400342954,2766.0128939361175,3.6764851326033514,8.012831275525809,2773.960431157638,11.624022354122905,37.923265030517264
174,0.13239792439584974,4397.891559275942,138.8660430842105,345.2064830535229,4372.9883860689115,113.96286987717964,233.27103566238867,4289.1205950142175,30.09507882248513,122.56277891835563
175,0.16736876099380948,6494.993839461435,204.63514724308544,587.9622391678865,6468.128473003941,177.76978078559063,450.16558285919194,6323.6087160716,33.25002385325101,153.96449431364422
176,0.13190145891167981,7562.681739174947,121.18897428714513,409.2850498333116,7528.911124167692,87.41835927988845,270.02731960340543,7480.140178789415,38.64741390161289,154.32171615386528
177,0.0722312159362839,6184.600942793223,67.5725213305512,235.85761237107909,6163.389889812501,46.361468349828705,130.87908841740347,6139.476981627406,22.44856016473564,108.47202443842092
178,0.1576342674450223,3653.8496113220936,121.26495412503425,372.55057892997377,3630.597450860474,98.01279366341477,233.664502111691,3561.0125329015273,28.427875704466835,151.22508767685443
179,0.10952051877619207,11667.437150023105,152.85332839022266,571.0447452742437,11644.89192309537,130.30810146248805,508.82159507711765,11539.768252294512,25.184430661635073,72.52860195757057
180,0.14076653660073846,7564.169127400059,158.95998865730252,489.1510384333705,7489.5675862559765,84.35844751321986,237.30588488075756,7485.967117549199,80.75797880644497,269.1636193405374
181,0.12974965084417467,5403.8411606959,143.96445343259686,396.34952310004184,5348.790006113336,88.91329885003263,199.77002764936776,5320.75666107015,60.879953806848896,209.67561714740657
182,0.1405469031269696,6327.5541000752555,125.26801617272154,434.88420050377454,6284.4351215246725,82.14903762213784,219.19963664734402,6250.759748929448,48.47366502691423,229.97256240086864
183,0.13588977438986605,1756.3457809838005,123.37664783058473,192.75079274786685,1731.605658488877,98.6365253356614,107.28264920139452,1663.8400826677305,30.870949514514688,92.13637686287292
184,0.1440255468617473,7055.182518428288,155.60051889156898,464.2360681529337,6982.259758427993,82.67775889127326,217.06332148730843,6979.99152033052,80.40952079380381,266.82859107665905
185,0.14787738152247565,4784.293831712066,134.9106855422804,420.0608733434464,4657.381848443471,7.998702273684099,29.63623781331066,4777.437515270114,128.05436910032864,394.65732441207655
186,0.12794314797069983,4888.07679557375,165.6105155085873,379.2236324998058,4822.702012822374,100.23573275720933,181.93649205551776,4794.32955547697,71.86327541180788,209.06431372266354
187,0.11531438447762798,3753.48373959067,130.03314422449824,277.0075087387779,3670.231983433836,46.78138806766324,100.47930983322017,3710.078890073753,86.62829470758226,183.78049040904267
188,0.1170230870422263,4613.09014237627,127.9807544165764,351.4999037741969,4517.139584067069,32.03019610737487,76.33394836429868,4584.143259210817,99.03387125112305,282.51406686418363
189,0.023280633109453386,9489.412758944321,27.284733969378504,123.70309744516491,9481.157543295016,19.029518320071325,75.12346570949609,9470.579683421827,8.451658446880849,49.35513553556471
190,0.03656391205433773,2980.6595279490466,23.486486244785304,84.79424824324245,2980.1652491101845,22.99220740592368,54.97705894152653,2957.9245032142153,0.7514615099536248,30.43214316924765
191,0.1276199299414913,9993.934608298328,151.20337159395885,508.02529193063685,9937.689588292724,94.95835158835266,277.22692428672156,9905.008117759864,62.27688105549397,248.40813296328704
192,0.07707887534633462,3025.97913720823,55.120555703479106,179.44749292405268,3015.12840566526,44.269824160508904,101.79800846748755,2983.0664623338225,12.207880829072733,80.77023537749497
193,0.1409531551465535,5135.548012767269,106.15793616500262,363.77047761335757,5125.923338884253,96.53326228198705,274.39295908074854,5041.636202189873,12.246125587608345,96.828917908394
194,0.07119445229122379,8419.790214203596,90.11497639212848,301.9747391076653,8393.35048235542,63.67524454395082,182.68698759143865,8357.942488933493,28.267251122024792,124.5309821201387
195,0.013578654659750722,23612.116840148647,3.122900591872105,148.35226281055705,23612.129232838142,3.1352932813659544,66.88757590777733,23609.015332929048,0.02139337227297655,82.18547043664701
196,0.10629581996971094,7570.966415048672,103.52510485235216,381.39751468075525,7541.457332523888,74.01602232756717,267.67295449165056,7499.2895452298,31.848235033478513,122.18391592477968
197,0.013057441716514129,9128.970368272934,9.860489563218849,70.29344908971296,9122.03766715036,2.9277884406438415,24.78043696245114,9126.072623529284,6.962744819570287,45.76729823932352
198,0.08157236889384722,8297.726061581114,96.00476969229094,295.70507955903315,8283.713045328048,81.99175343922384,194.34434674988125,8217.728388661324,16.007096772504102,106.08728468371203
199,0.0655643044099472,5785.88413801545,47.003851188046205,144.21116218811727,5767.756467270029,28.876180442625746,98.55202551159658,5757.49983668931,18.61954986190554,47.33787958827037
200,0.02958395042417361,13915.58780443327,23.47370328500179,219.767421601036,13902.574453447873,10.460352299604086,105.0415976152661,13905.302094581864,13.187993433594025,116.47956241106918
201,0.09582231603891511,3016.1493876724044,100.03451855035209,197.98609173207802,2966.023063433705,49.908194311652224,84.76040690093274,2969.172987154337,53.058118032284554,118.20482780197898
202,0.22494403393072038,3143.6621980321925,202.77678116524936,483.06989698588825,3099.1582902831387,158.2728734161951,257.4610033484345,3003.6645451323725,62.77912826542929,255.33702397970836
203,0.20542527052596038,1805.8516075854704,154.37398727842765,304.73386799974617,1762.5698320300016,111.09221172295884,146.60218040686127,1707.5917746961647,56.11415438912194,175.06586045382195
204,0.1408753775360676,5504.351387028028,142.24234071912477,480.1895135920354,5435.573854243838,73.46480793493636,189.56127227671212,5437.855603258176,75.74655694927587,308.61041705899527
205,0.14028245200739653,7509.422642907441,185.16369582059372,422.6709706750982,7388.575130658569,64.31618357172138,127.42971389771218,7451.912099210387,127.65315212353875,308.72527734512545
206,0.19997929706809947,4067.1439710179866,169.50653187329755,489.0887129610892,4017.9397623727727,120.30232322808318,276.88456541229624,3958.920998213709,61.28355906901964,240.0056529795492
207,0.1600571166194935,7002.600753561406,148.81676078575003,593.8288915686131,6939.398959194942,85.61496641928677,291.9949425578806,6925.577406593055,71.79341381739945,331.13617890088085
208,0.1733731880860886,7277.661838948787,177.03246428223412,686.5226122407498,7202.159816195482,101.5304415289278,328.70155191113093,7187.000305828367,86.37093116181296,393.0088031154921
209,0.14794619547701848,6702.824987425969,188.89521821779937,435.49461197637174,6585.323067504287,71.39329829611634,130.65615999907877,6639.38218438801,125.45241517983811,319.3885737017845
210,0.1929166355575488,2119.574549082884,142.99355852617737,340.3026914658766,2091.1026743395105,114.52168378280358,185.10816688702621,2016.7623580695001,40.18136751279329,174.1212698914233
211,0.16734911683971976,6269.345715418277,163.64343832428398,615.9087300633375,6202.2016871477335,96.49941005374097,289.5950328361977,6182.71506713317,77.0127900391767,355.9298823089814
212,0.19459930410745707,1814.0749123387268,151.62060698636574,318.4494899028966,1790.0499533226289,127.59564797026806,172.7455477434305,1699.93276836346,37.478463011098796,163.91798749451095
213,0.12509663352763234,6156.793865262356,132.42770487330233,295.28060047493454,6078.9197481979845,54.553587808930246,95.25450253098693,6107.384007415444,83.01784702639124,209.00742178284742
214,0.16614736389153273,13775.82281759055,216.7056810330661,642.9001148732103,13647.002309266705,87.88517270922513,217.71843868558292,13698.680305933247,139.56316937576247,451.79453156985556
215,0.15419036468568237,3188.3763555311184,146.77055772880826,329.04649363624435,3132.4661117250566,90.86031392274676,158.30038763184945,3105.9108936112334,64.30509580892344,185.37194504007067
216,0.19435912409296308,7338.469479921473,189.31558122783906,721.9534398948477,7254.133651100661,104.97975240702803,356.02841414437006,7246.592828814441,97.43893012080771,410.36289371308624
217,0.15073864836460005,1670.0965291597267,96.17232803482078,219.78039819676147,1656.0734749668973,82.14927384199153,121.74956648444615,1594.8225154875443,20.89831436263809,108.22033073031069
218,0.15982623190533318,19768.576199928648,147.6841096317882,936.952778135911,19709.857314508423,88.96522421155663,515.358562967089,19688.739056032457,67.84696573559596,474.47144214897105
219,0.1394091095015404,2842.744045366525,89.40455873796331,288.60855063267377,2827.4624005843075,74.12291395574599,136.37097180323173,2773.530330716464,20.190844087903095,161.2694995185263
220,0.11443052047027547,2196.0203131949597,119.58175817570309,226.864015663401,2176.419925267785,99.98137024852868,122.68509207747047,2101.7967731758426,25.35821815658605,111.2442391552799
221,0.09259019557414938,9832.554909461636,146.51060324922884,358.281806752155,9760.906188437093,74.86188222468557,188.28718543168156,9761.186623941894,75.14231772949,178.78146278184008
222,0.03555787960528567,821.0520018340269,21.958667544143392,29.64161503383938,820.4029089060751,21.309574616191643,15.487423721831572,800.1491056951636,1.0557714052799916,14.44975807063029
223,0.20519703144470147,4163.296402238665,233.07390630811932,549.4927286233922,4096.651421567928,166.42892563738226,345.26182957102407,4012.033122838591,81.81062690804495,235.69248991745852
224,0.12953351861265205,5586.636553055885,145.60664573339704,296.6758345604202,5503.053830778199,62.023923455711376,113.56163887863094,5530.260943519116,89.23103619663001,193.45587917742162
225,0.16413547020669206,9207.134202032832,208.78275161482347,660.6206524918526,9105.60743820495,107.25598778694174,331.71715642325603,9111.091793069847,112.74034265183955,363.5844174564112
226,0.19062938009209307,5874.735425467866,204.79435643229755,637.0525989248455,5797.934159835444,127.99309079987552,386.3459456141219,5759.760311020588,89.81924198502139,290.001292986166
227,0.17958496636470567,14915.713927122466,242.93539384607516,789.6324532334719,14798.750157812407,125.97162453601649,399.5308096155298,14804.109582308758,131.33104903236648,435.66881734114276
228,0.19658398339583805,12434.79777875571,223.73513647031072,887.2557249536708,12351.311526454418,140.24888416901706,513.4198020942404,12311.240844087615,100.17820180221662,434.941417281782
229,0.16914380379946714,20310.747649541925,212.81168964429366,1024.8600607500664,20198.882838432997,100.9468785353673,577.9407897963562,20220.5208575964,122.58489769876671,508.2938810487316
230,0.18730094672304798,7869.707491806095,211.01339743837596,814.367224856323,7787.01358505935,128.31949069163002,519.3346911088016,7753.871344309737,95.17724994201802,345.55512503415133
231,0.20798390287465085,3074.8879241365103,112.81897763116147,403.8959099715815,3060.06018497931,97.99123847396172,263.2383679734827,2984.5055234935458,22.436576988196784,161.0975127954755
232,0.0833427573324993,5201.792660899707,121.61413169692341,252.6602640311231,5106.636747078195,26.45821787541023,55.46238614895062,5177.163346366729,96.98481716394583,201.03167137063642
233,0.18353094559763228,6218.3349286751745,205.65553692632017,649.6842417629737,6140.674874976327,127.99548322747336,408.0016207381947,6101.914451891757,89.2350601429028,278.5794026153985
234,0.18587897223750016,5847.039468990253,168.3880446563049,608.8454263822881,5789.6664058633105,111.01498152936385,402.52990736516944,5745.279026167267,66.6276018333187,239.87160808605384
235,0.16546792466155635,1375.4771331143381,104.9186549639868,196.05837480414877,1368.206257751894,97.64777960154271,95.39176707924729,1286.1481592381767,15.589681087825477,108.79321932192084
236,0.15952928623847906,20899.86362453144,219.68465805536388,993.0682031444081,20781.80936678936,101.63040031328552,596.9825313150909,20807.7079144304,127.5289479543225,451.74052046610234
237,0.14600397984814817,3101.857402020799,136.99544515094348,332.96041795121505,3058.0292574859973,93.16730061614196,177.35935900879954,3015.9953974954847,51.133440625629,169.5078977524924
238,0.03351752204634495,3061.08301184381,37.498260130974,83.15913414755053,3027.3714353291425,3.786683616306656,9.483517887214239,3057.4110652352674,33.82631352243143,73.96296808998754
239,0.06547696055254304,2253.7619298437126,43.484212335881615,124.94025864462485,2235.5888350158557,25.311117508024832,40.65051244091885,2229.447624257982,19.169906750150965,85.89065993008055
240,0.04042707076507168,669.6930986838638,22.546949876410718,27.91176627349771,669.1029604573961,21.956811649942978,13.770753433586364,648.2093030922226,1.063154284769543,14.437676472721533
241,0.059331001803941574,5323.62728989117,56.84049576100238,167.4370282789954,5307.268173257497,40.48137912732956,108.33637736457058,5283.936257459708,17.149463329541273,61.215778900137174
242,0.1368345220009981,8643.261131322017,158.78194857136708,586.1327620182454,8607.761716304884,123.28253355423443,392.4817760379065,8526.609674825278,42.13049207462724,214.76165612587727
243,0.07970193723649255,3002.281421677694,56.92122920561725,175.51296524480634,2994.79782748501,49.4376350129328,100.77572362228352,2954.5002011950896,9.140008723011618,78.1137456334553
244,0.06391163294591362,4238.481569853683,54.86514672325233,162.75739896099705,4222.849152174502,39.23272904407068,101.62361872996296,4200.238116133023,16.62169300259209,63.696276920272574
245,0.054805589902564456,19741.398928849634,75.3509682938026,337.34266055428014,19694.06987711157,28.02191655573956,188.7957931158282,19714.308470554806,48.26050999898452,154.8225053226471
246,0.17260604596806695,5940.890334258607,182.11707123148588,544.8694887168073,5913.337378527386,154.56411550026468,385.4740724502466,5793.831665337132,35.058402310011246,178.11357118188437
247,0.13612730470776302,8543.930120880128,177.86936757853098,600.9727041666558,8504.341113011978,138.2803597103822,419.46932819846126,8411.916069017965,45.85531571636843,200.51203308249956
248,0.09597714664441981,7579.197069004482,131.68680345832988,363.29000583267947,7557.150570695031,109.64030514887912,275.6976975092521,7471.472973937911,23.962708391757687,92.4107435413762
249,0.12978106273206824,6135.852592059876,179.44645270620376,393.3040905331336,6011.603727165676,55.19758781200314,129.18469349540413,6086.015433657268,129.6092943035947,276.6649711779409
250,0.14515692403641145,15650.234804731866,192.4207698678772,565.5976918398216,15531.883944493758,74.06990962977504,218.47485696245153,15583.816117100721,126.00208223673523,369.6906986711089
251,0.09359292710573919,18196.631876781445,89.20440016638935,625.983344192884,18143.44671199558,36.01923538052398,171.5447160741144,18163.343844851195,55.9163682361293,467.4462201863542
252,0.02319215923157636,9264.70013873143,17.166067415610993,76.88861223525804,9264.742254862633,17.20818354681131,55.37664232086492,9247.534071315822,-2.0535556167723395e-15,21.647501356574324
253,0.025846674786392354,4069.4086503998014,38.55672031712323,61.70037121956541,4043.8656590235864,13.013728940907917,18.70966355021154,4056.6472003816275,25.795270298949212,43.353405692848426
254,0.14574383570004712,3822.3278949862392,164.0147800236509,386.4497113159517,3782.8512302376225,124.538115275034,212.51776362957952,3705.853362494814,47.540247532224456,187.6920288970903
255,0.14311137004825458,5302.039887779221,167.9899540812288,496.4143172038642,5262.329877813228,128.27994411523534,316.75236129022824,5181.217693498947,47.167759800954926,198.07683663742088
256,0.1523040934550518,13936.79045824203,220.82497993431122,656.8677740106234,13864.767594712639,148.80211640491896,415.5712609189008,13798.276580989845,82.31110268212586,270.0292799409677
257,0.07036884604566684,2086.7847444177582,34.4206715538727,121.45899811308587,2079.0423870725263,26.678314208640433,55.74560216306491,2061.2471286346636,8.883055770777837,68.09693938238306
258,0.05705861482221819,3948.7577551133745,49.298143454949276,145.75843445452347,3912.9506157177016,13.491004059276476,32.285118675252725,3935.8656748934927,36.406063235067464,114.90659140110995
259,0.1424651374886272,3047.73936327905,123.61140131761009,325.60869802140076,3012.75403935079,88.62607738935098,158.78516742357863,2965.4281739342996,41.30021197286102,178.13747548808493
260,0.11545397705340787,3326.4307939662485,94.60601395447902,281.6488280931738,3289.6232002299275,57.7984202181583,121.81966614667542,3272.4962744623713,40.671494450602324,167.97296749102782
261,0.07820873036424558,1917.2293778520384,60.92478332658908,144.20887941786253,1898.5043371272907,42.199742601841734,70.76399991306657,1876.9073134477544,20.60271892230579,76.59352477172219
262,0.1421737988684535,4230.0616367043285,142.252166949685,357.14276084784984,4204.805990244205,116.99652048956158,229.37040471391686,4118.022064880866,30.21259512622332,137.49040002901532
263,0.04307605231997147,1264.998539921408,28.47950599009866,60.864994005033644,1264.42937784701,27.910343915700825,35.42966931117668,1237.757916970118,1.238883038808603,26.285475174678815
264,0.09384327337417764,7956.955634431862,106.15258861598535,396.0137559384181,7927.346247613252,76.5432017973756,251.6866491114782,7883.377416094949,32.57437027907136,154.07646058156845
265,0.15328697737605668,6376.113678003143,141.15950051315968,487.39376813956517,6353.123572767832,118.16939527784848,324.5618123559604,6264.367847985455,29.413670495469027,180.47479788939353
266,0.11132010717915164,8898.162554052571,126.52923213345353,448.31600453965865,8863.143303277602,91.50998135848707,255.85961034411076,8811.7051845314,40.071862612284924,206.58337003714485
267,0.16199429479276972,3445.150289154688,118.0459647548452,331.4498026692912,3417.362774764866,90.25845036502338,192.16178536743638,3359.8216849501414,32.71736055029792,149.7837441390951
268,0.08988364180040331,10263.666324202713,139.64253953020412,354.244608644524,10195.85275107862,71.82896640611062,160.85373088901827,10194.703961213949,70.68017654143944,199.8103471942316
269,0.0946379043039981,7588.646115382548,128.60534881447703,345.4630739738257,7555.500603657028,95.45983708895638,219.52304187630747,7496.096149182072,36.05538261400401,132.63168094573408
270,0.07418997657700444,9946.815053717137,82.0861022773466,314.4114492356209,9916.750803909801,52.02185247001207,181.53807538832064,9896.38238656803,31.65343512824338,138.41907494972565
271,0.042125870517160435,6655.516829339057,59.617830570379006,185.4932739466599,6629.769455500307,33.87045673162988,109.90029506459373,6622.259623396071,26.360624627393847,77.58280863708423
272,0.17272205088725046,5755.998455393831,161.33044015892375,484.2020887659046,5728.331546646186,133.6635314112802,327.664835044633,5627.81656118933,33.14854595442503,169.97502341185304
273,0.11196802075260615,10601.016584397108,147.39664132586583,485.2393728430951,10568.758976547277,115.13903347603612,308.46639929950254,10491.499612154474,37.87966908322678,191.834911558456
274,0.13535192020205666,5060.809604805454,156.5196137525138,366.54668720389856,5038.187708061205,133.89771700826395,264.48941741656256,4930.803089590618,26.513098537677664,109.74359721986794
275,0.171650377025778,4517.017720799438,173.0386653879864,421.7413782014076,4473.058122814866,129.0790674034135,272.4532535567077,4394.393619126421,50.41456371496856,162.9129241588374
276,0.047496976110443234,3629.7416996970746,43.18062804538397,124.09810733108635,3604.2014599392637,17.640388287572826,35.232907838406504,3612.695411203294,26.134339551601823,90.051786938501
277,0.14636881792236367,10260.459434484228,166.3016174097308,684.5194983133395,10214.86626188659,120.70844481208997,432.5561090286745,10147.32961831078,53.17180123627904,279.1212415857679
278,0.051076124576909465,12988.145476515972,29.728551463748282,504.0031112825387,12981.382928983707,22.96600393148252,125.21154799982905,12965.976567734657,7.5596426824361975,383.13735708966703
279,0.0791973884910433,7410.558700220652,71.79424801520496,333.23218998424477,7405.785583246341,67.02113104089274,261.30667145860485,7344.847479279604,6.083027074154232,77.03268760476033
280,0.0755682371585038,3972.1922048383767,68.3470619585815,241.89813477326675,3950.4348843596977,46.589741479903324,138.5434612348865,3927.1497152946918,23.30457241489581,107.95572157678666
281,0.09528950514840728,4020.032065894907,105.7837197766752,259.19486377785205,4004.2424300052735,89.99408388704107,172.1947785589822,3932.400342198518,18.151996080286434,91.52022779198073
282,0.037307152376214736,19522.704200419015,50.82035107085575,301.87375903518017,19506.508178351385,34.624329003230365,172.1036554106431,19488.694618638503,16.810769290343167,132.82576556020655
283,0.162793348161821,5841.634384841569,163.5695768873234,423.1286233983938,5822.232382399555,144.16757444530833,290.5491282454613,5703.222455277578,25.157647323331684,144.17917427073164
284,0.09597057281433896,2618.5882700155225,94.38262129242605,241.1090421914437,2609.9015292121794,85.69588048908264,127.6452908213404,2537.276427318003,13.070778594906862,119.99384098097036
285,0.08837146643978744,1787.7721067490638,67.40673907022327,170.03903894874418,1787.2811454256018,66.9157777467612,87.81833276624067,1724.3106027272593,3.9452350484187013,86.75399518636036
286,0.17285725580649125,7261.058466316473,201.7294907067976,573.3052277572489,7231.749966183352,172.4209905736761,395.0978215819994,7097.706748636746,38.37777302707342,198.98938841425004
287,0.06055499973560674,8242.825193329276,89.91295390224403,233.8854365503232,8189.407754964397,36.49551553736506,104.74800695985105,8207.543791587264,54.63155216023104,132.62213170833598
288,0.11301646031070711,4986.041187309412,116.06021204322289,362.77000301924676,4967.637402364919,97.6564270987298,217.02739696896955,4892.645126954837,22.66415168864917,155.21065983932866
289,0.026632065214777012,16474.530442930638,29.38454828930889,251.22023928773382,16459.33501220465,14.189117563319778,64.75489069696769,16460.610450659602,15.464556018270622,187.6935559692525
290,0.056565903379491855,5543.731099652939,37.08134394993383,164.35648927263668,5538.1443967561945,31.494641053189945,104.44195085657438,5512.676125908791,6.026370205788676,61.37255508013368
291,0.092100373642242,2754.8913668078235,77.99166484315055,223.76759335728613,2742.6246175836977,65.72491561902507,137.6284997090726,2691.5065086693753,14.60680670470219,91.0391927544882
292,0.15765519704678221,5825.066947110558,163.60301526377674,480.9794777995004,5802.11451226329,140.65058041650886,330.8554857763508,5690.155972246252,28.692040399471175,163.6253937060675
293,0.11185239105626488,13962.478580796935,132.59535485200337,532.2874582701168,13870.134388886023,40.25116294108997,121.15805621688351,13925.872377704702,95.98915175976857,422.1009173588211
294,0.1713550666354653,2006.0340912045517,164.7952476440094,271.6441570657811,1952.5685916892257,111.32974812868332,131.70889213177534,1904.460123150446,63.22127958990403,151.4768610222202
295,0.1757579688485007,6056.575506716109,169.3043719764875,502.5018550366601,5968.8998666204425,81.62873188082074,228.93291018590944,5984.617892773571,97.34675803395102,300.6922030877535
296,0.137816536043739,16017.066897075687,150.0837759446375,547.7622229157295,15930.20841689717,63.22529576611715,182.75494763698453,15960.545160347749,93.56203921670664,384.3841491416538
297,0.14659172823352307,1484.5698180536185,129.93772074957172,198.0080358057953,1454.724019165812,100.09192186176526,103.76119766864296,1391.5782929099992,36.94619560595215,101.60752872729611
298,0.13863650434603914,3036.334187289326,103.25744534897382,365.68324891765474,3008.1131839551435,75.0364420147911,123.09714861334952,2968.7161017191156,35.6393597787622,254.7559007533349
299,0.17677019307516295,1558.466824921638,134.1502603720293,227.0756660062942,1529.3830342241697,105.06646967456125,110.98624154061825,1462.9084241071528,38.5918595575437,126.13320751423393
300,0.1558879261904682,4701.412010781044,145.70409080401788,388.5256328307592,4631.64885301045,75.94093303342179,183.20671118077004,4632.807385802526,77.09946582549922,223.0176885370943
301,0.11697731348607654,5510.730257388362,154.04872672796648,344.9275138175724,5408.31567529167,51.634144631275305,97.96388410056694,5463.847160128868,107.16562946847313,255.977646651134
302,0.16397934716922402,7094.4677955016,220.33878803732105,480.1317025321609,6968.493608344271,94.36460087999019,181.54510314296894,7011.50416238941,137.3751549251308,320.5205645629246
303,0.14066678015989464,4731.25060914936,102.83898317082298,505.21231012367514,4681.249754315117,52.83812833657913,117.43965857891536,4684.140277623922,55.728651645386265,400.5034299255733
304,0.12563671724604009,5316.41261079748,165.95367767690027,359.5450600766821,5204.229553222937,53.77062010235935,101.87572488293414,5267.722309842551,117.26337672197201,267.29468812432486
305,0.12799627368860833,4050.200976195701,145.00884750267548,335.70063826440685,3978.16353935417,72.97141066114473,127.58171966817756,3983.822997444094,78.63086875106858,219.64673988832595
306,0.19022825892202788,3091.225100299296,186.61664001953713,433.2657914451939,3030.539023942123,125.930563662364,214.93295942391936,2978.3190622271127,73.71060194735385,240.5625413847271
307,0.19227197640589244,2576.7671454566243,163.06316257259402,349.69845273985175,2520.6996547572135,106.9956718731829,171.51522069089307,2481.349139251318,67.64515636728812,196.7423554914931
308,0.14407222907751827,5851.841836248576,138.66119962244449,586.4167689705251,5783.86977149639,70.68913487025927,177.29473370238793,5788.71179453027,75.53115790413874,428.0809235027561
309,0.13799436407491672,6163.332363509887,169.4821423359262,448.6814685119211,6074.203499707232,80.35327853327094,161.26657746328766,6090.896890992557,97.04666981859727,303.30568605434684
310,0.14022636462041915,6267.968822043254,165.6288699867343,431.4730286972718,6175.27916761124,72.93921555472049,168.63751479760174,6202.123033847418,99.783081790899,279.23571716621456
311,0.15040031524210862,19613.301172543353,150.29980288123468,611.8371788028935,19542.914384655658,79.91301499354347,262.20338680018943,19541.960039589074,78.95866992695017,377.75907925568777
312,0.1565160775590828,1611.7076056780886,104.10541079853792,232.95012867266945,1594.614603712206,87.01240883265518,119.18461507725748,1532.919987326464,25.317792446913234,125.03136062486257
313,0.07295303420746924,3641.6607611099653,52.423524806834365,126.80373777670933,3638.9991011440766,49.76186484094569,103.8829032689686,3592.263449597254,3.0262132941226154,23.68187628650755
314,0.057755564896389555,10009.022278995935,58.736586154563106,301.7292702948304,9997.219316981571,46.933624140202575,247.22109213224735,9962.69684153423,12.411148692858129,57.711778515909785
315,0.11295119596629499,6458.226970806278,126.75522894718527,452.71472017741524,6430.385324037728,98.91358217863687,346.09061619462545,6361.8326170586115,30.360875199521313,115.43868031100169
316,0.008594878947386864,5065.637742221427,1.8953765064134316,25.447004497276108,5065.642232519903,1.8998668048900749,13.510879981220562,5063.742365715013,0.0,11.968057219780693
317,0.025922310751299693,11046.297675357768,29.595047167153012,219.5113464495801,11046.583024648804,29.880396458189466,115.40707318965,11016.702628190613,0.0,105.2063779981098
318,0.01187520785350571,8342.003066500332,4.749807369645316,78.092946658658,8342.029018794563,4.775759663876002,48.495038718651024,8337.253259130686,-2.042524584880482e-15,29.86143826861094
319,0.007841884240455177,5240.801413448212,2.7946436215521144,31.612093946970756,5240.323209553979,2.3164397273181514,13.633941353157033,5238.497141212122,0.4903713854624773,18.049767175392617
320,0.07286789346804579,17137.828027230535,75.21306399736741,450.02387862180353,17138.123687168692,75.50872393552912,384.72036096490086,17062.614963233158,0.0,66.80991840378282
321,0.00898838158379034,4839.253077373587,2.247467313697967,40.89370447769186,4839.261846288103,2.2562362282127175,22.18077590832034,4837.0056100598895,0.0,18.799134670212737
322,0.02661845408899577,17330.734653395375,23.188058597162662,210.3295749054113,17327.832902880247,20.28630808202995,119.2919128884827,17310.65958429481,3.11298949658749,92.27983491859503
323,0.04578618567840831,18080.584927566535,62.392977990964106,427.9781017198493,18074.45474037736,56.26279080178938,298.2839261093664,18024.79138453686,6.599434961297925,132.1819488935413
324,0.012389131376502882,1961.0615305176273,16.712643313158914,16.852069575601153,1948.2555493542452,3.9066621497771443,5.775295729307158,1957.1895395681072,12.840652363638535,11.128028965650623
325,0.006697187560687934,969.991987369374,0.8787965482713571,6.130301830347322,969.9951105039075,0.8819196828049318,3.0692899079841394,969.1131908211025,0.0,3.071881172128297
326,0.026882486968246244,4893.859170584755,4.455264730332512,120.14111729723174,4892.260321500873,2.856415646450204,14.673291029409947,4891.068267056781,1.6643612023585357,105.80435935660722
327,0.052744420060658714,5031.804486052428,39.3217224178235,227.68024125973028,5019.672941977552,27.19017834294669,95.07684961523518,5005.501977454954,13.019213820348858,135.70733755591033
328,0.054444269100698994,2532.019885690159,25.81859244624396,132.95329116574112,2532.814705172914,26.61341192899942,60.214064355177584,2506.2863656769564,0.08507243304234302,74.73002260122718
329,0.13608595792538092,9955.2456747804,167.59031940767804,535.3268294016151,9944.65416280559,156.9988074328679,458.87241118605374,9800.378801863224,12.723446490506712,82.68558613145036
330,0.22441997056841445,8792.044353039231,228.48137733946132,850.5775453545756,8762.83334487812,199.27036917834914,669.7681102200288,8600.877080661225,37.31410496145011,208.04477299872727
331,0.039281317519272996,2257.3734798296355,32.486928498877546,79.27601073835696,2250.9803684400863,26.093817109328505,45.85516234034313,2231.7090103460773,6.822459015319616,34.17534916720609
332,0.11067946342170143,4290.891711832923,65.76488515609351,314.5984675032072,4286.5696826628655,61.442855986036356,235.188571746354,4231.0303000144995,5.903473337668779,85.46328616503519
333,0.12361194681618803,10524.160708126448,149.10808577218276,626.8426158822044,10483.512628728498,108.46000637423028,433.5774253042853,10420.42188714124,45.36926478697247,212.138501338132
334,0.0639234005434467,8238.88347353629,91.406053277071,297.2472703363896,8191.360321970289,43.882901711070176,115.31942054807014,8196.716999601855,49.239579342637676,186.4384324730656
335,0.11761189203086853,4046.3969945133285,78.5600517593593,336.75045263057115,4037.411677302215,69.57473454824594,232.8333406521503,3979.1545889886065,11.317646234638293,111.72230105421538
336,0.1395156863920468,24925.725397390786,219.36908961306963,1007.9233611291253,24864.048830240532,157.69252246281428,709.0940786879304,24776.356675783525,70.00036800580925,336.25881813932955
337,0.14313954181050326,7773.2476826462935,165.33574205786059,580.8098299157949,7738.40148179101,130.48954120257477,412.8374762493885,7648.593281609115,40.681341020680996,186.43333159032665
338,0.09237830377869427,1539.863098664692,67.80721457121412,140.39630448054206,1530.9430658722954,58.88718177881747,76.71703055738924,1483.8825046695858,11.826620576107707,67.46591775776916
339,0.13439816040007369,5944.686747318529,121.86325677028998,509.0229378220818,5896.205613496304,73.38212294806608,204.22816000335095,5876.572329884403,53.74883933616779,319.4552122860416
340,0.17482253982570428,7403.229808564364,209.03749126756327,710.0764833339535,7330.393828522716,136.20151122591537,431.9193275309602,7277.779394615576,83.58707731877733,312.25080619175725
341,0.053453368728308415,3821.291704505535,50.082186478187154,111.15362771251432,3800.2050468414277,28.995528814079783,44.05917727922253,3793.214041475126,22.00452344777738,68.48916240907792
342,0.0832177720872801,6359.428799956848,85.27317526252396,233.52628605743328,6354.99962232049,80.8439976261652,178.85758320860447,6280.296540930243,6.140916235922035,58.45571781583334
343,0.03394932294426367,14858.123450762041,37.510433841874,214.5929163813708,14844.359789644628,23.74677272446151,85.12737947569255,14834.85395746367,14.24094054349986,131.1764871595048
344,0.19171036752892556,4052.978827704281,194.80693363265323,497.35129858624066,4001.0814151442573,142.90952107262933,319.42909100038787,3919.550315723124,61.37842165149691,199.11400847584738
345,0.17217528721284736,5645.810378748921,165.33072325975903,589.8588656911604,5606.85092617566,126.37127068649784,404.1958400278394,5526.955926200544,46.47627071138083,209.7054097049527
346,0.18888326141825518,3174.1116309656077,106.15463013066943,415.818253326892,3153.881828180694,85.92482734575519,193.44586954391625,3095.675588248598,27.71858741365958,239.23217272971868
347,0.12215973326872465,2509.7215868258877,101.64425495494761,221.65844750689988,2489.1021649807326,81.02483310979198,125.40475041451228,2432.8504079130744,24.77307604213424,102.6824418103739
348,0.2402056248151645,5079.7340306843,186.47760349528014,775.7715301248007,5052.916205007905,159.6597778188847,489.94278921788464,4933.700344748675,40.44391755965668,327.64268775455173
349,0.1892456942786772,10529.404274844488,253.20747214377027,935.5982811638128,10424.102878609956,147.90607590923761,512.8206131173173,10397.935761769219,121.73895906850186,479.7700600009903
350,0.18644125885305196,9474.87072506321,221.10197875176448,902.6631669135182,9387.230520505136,133.46177419368783,517.6897333461551,9355.082034142983,101.31328783153624,438.0104539173582
351,0.260493127687218,6406.9794902110725,314.10091824861445,916.5548489320075,6330.476630447019,237.5980584845606,581.9490875302411,6194.690000761436,101.81142879897844,396.5940568891539
352,0.15739304737886972,5658.952747756842,138.53368220418267,541.8269649534878,5622.169701383703,101.75063583104287,369.6618807055413,5563.495345782045,43.07628022938446,195.02851545914933
353,0.1767741045296537,5839.585328882578,177.78389633504815,627.0404769049891,5774.259782126002,112.45834957847144,349.21875501671195,5737.8786857951245,76.07725324759647,311.20917216807214
354,0.21103675450495984,6865.683027049254,211.98204029330094,751.9887844097035,6815.1365817209025,161.43559496495013,488.42384696224883,6714.356363012656,60.65537625670521,294.14953642498824
355,0.043853465559675175,6932.811901723398,47.24679059289701,183.71400015200973,6930.718152303218,45.15304117271709,151.55698793623984,6887.993136064791,2.428024934292635,33.279013940215734
356,0.013711066013880502,13163.217034872756,18.576535535171576,99.57075834837447,13159.484254613484,14.843755275896152,57.51747727809775,13148.44921590225,3.8087165646632974,42.347523641549955
357,0.05338879290311804,3383.4098316941113,64.7542927098552,116.08171099964152,3381.370212389969,62.71467340571315,91.82406716118746,3321.1937633,2.5382243157444337,24.98767937218153
358,0.038236276508616385,13402.537767834752,32.69496325956058,206.50991079494827,13388.03368889373,18.19088431853779,73.9386820127138,13384.82325150183,14.980446926636356,134.50747445300837
359,0.08330579972584595,9307.613381280453,121.31253357747858,376.3728071517843,9246.446416324914,60.145568621939354,191.99189367827324,9250.221072595019,63.92022489204304,193.1696505510598
360,0.11127944103830378,6601.445284596564,148.7025305361633,447.17580047837146,6548.881597443642,96.13884338324058,254.7553938911942,6509.6733830127105,56.93062895231221,203.99223269879994
361,0.1357599828412146,7851.285880339047,157.9998112875033,591.7006238700786,7789.493305477092,96.20723642554846,317.07729991364386,7760.54657129591,67.26050224435875,292.64437637361107
362,0.1618849747525446,6911.378102087969,184.3280383606863,618.6330932093608,6876.61336799624,149.56330426895812,385.14341623402987,6769.469677453526,42.4196137262432,253.20190857992063
363,0.019686726421208278,6486.753778078398,16.24598999995257,82.22946053731124,6476.121143130337,5.613355051892103,26.81051055499287,6481.216461390361,10.708673311914962,55.78212447205926
364,0.10679295911616404,3120.3562667187466,123.8752629130071,268.6518762259325,3100.6539246072834,104.17292080154436,169.47407920697603,3020.400137143172,23.919133337432513,106.03789851875706
365,0.13775401519290953,8582.957817352848,151.3061927580145,490.48468315556704,8576.998170700488,145.34654610565465,405.22473417519484,8439.512722075351,7.861097480516262,90.56117509844444
366,0.09136675435468511,8986.87264841975,101.00323471945111,436.17847626136995,8977.213376957909,91.34396325760774,326.80729206636784,8896.94308125783,11.073667557530069,114.43156193049661
367,0.0283408507244024,2878.481335260338,22.042918153894252,62.78190151665206,2878.6597769371647,22.22135983072111,45.32023679199213,2856.438417106444,-5.062075498599173e-16,17.825594705046335
368,0.012952658502488057,2962.054756978801,5.299093041957866,34.5142136675937,2962.104385210018,5.348721273173999,12.487423837619591,2956.7556639368436,-1.0124597146509556e-15,22.142654674271647
369,0.1516432454822917,8104.261854624421,164.8892306672914,612.9558254372873,8039.673872554925,100.30124859779663,344.723672832886,8011.262394031683,71.88977007455127,293.3275448805598
370,0.11733579256587123,9398.58355086947,181.80560652148836,506.643799763044,9297.997213477367,81.21926912938363,212.81985648703315,9323.519980509393,106.74203616140993,309.9537969758022
371,0.05202564055715453,4583.642373414843,52.16730947644212,142.06727762473193,4552.571467353732,21.09640341533156,53.61423120311976,4563.295334809295,31.820270870895097,90.35747616616628
372,0.1541693749211991,2942.7702769275757,132.02810730748644,341.690460482847,2911.7462243974787,101.00405477738956,183.12305899659913,2849.517823054195,38.77565343410642,172.62126172771605
373,0.22372924958734786,7106.764190473716,261.44850805333584,772.0860603487326,7046.6585542446965,201.3428718243169,541.3699301268126,6920.096954164628,74.78127174425246,270.1759218771266
374,0.056214865821141546,11445.583971092465,61.045940905084485,203.24467551222313,11409.749553938544,25.211523751164442,78.14689350451589,11421.349922219366,36.811892031991384,128.1276117773757
375,0.17928829770323074,7343.339807951685,200.17532188877297,735.7007227075782,7277.953940676492,134.78945461357827,512.5054955918487,7217.335105676808,74.17061961389611,256.5972010602423
376,0.16245192883804305,5646.9217881880295,145.51822816993456,531.2184733212309,5620.722725483835,119.31916546574175,371.6292215561618,5533.256764792634,31.853204774540206,177.19953598026012
377,0.045296591877650894,2595.1388903956663,28.538089089698293,108.95299951302935,2590.2038854994607,23.60308419349298,59.4599285219902,2572.0433152394603,5.442513933492202,50.77156709069978
378,0.039435592129777874,5886.064697636466,52.322964122100416,141.61239911310741,5852.023056446484,18.281322932117718,47.857157723753474,5868.271246102976,34.52951258860775,95.0323994243388
379,0.08358428244471128,4036.233703138113,66.66338192477428,214.14448416530138,4021.7892288806,52.21890766726221,134.08969076261138,3985.48088439766,15.910563184321946,83.81947212938954
380,0.13985132358642316,8971.561683512336,170.4128011384276,626.1534025072025,8910.726004379596,109.57712200568659,454.4434775875873,8867.112285311552,65.9634029376387,192.97586616130405
381,0.05588371001820125,4624.2826891734385,62.70679342861839,187.42771067727094,4608.067705200518,46.49180945569752,101.81300414295416,4579.020569093222,17.444673348402027,88.30761891923291
382,0.03740843356632517,3204.9461756269798,26.38342028596427,106.74586349186265,3200.633139828927,22.07038448791168,57.21121203090796,3183.2745008049706,4.711745463954941,50.56819318503319
383,0.1434625702392086,9894.903191458678,163.49268664633988,606.235898342048,9863.820419327285,132.40991451494892,417.73162625127054,9768.836675820514,37.42617100818019,208.51665816072324
384,0.12093344391738758,5535.420054070137,117.33388430858541,392.32621732259526,5519.013224758431,100.92705499687905,301.6482024701109,5437.244130460422,19.15796069887068,98.90052602872824
385,0.1837412150478288,7007.96355192143,204.2183719661978,650.9023203989575,6968.8234198451655,165.07823988993266,477.0584566629559,6850.690331942095,46.94515198686454,196.39953645977715
386,0.05346624308321757,3843.34416221776,56.995723614341145,168.94060157595737,3822.1523637782375,35.80392517481824,86.1606142101404,3808.534739651753,22.186301048332453,85.17321534823057
387,0.19597548336149073,8309.876713455973,239.61637361660036,758.5284821727023,8266.734582415429,196.47424257605743,515.7231240794555,8123.029941571355,52.769601731979805,268.0764022610296
388,0.07738163868049308,3163.7620695302403,58.20796811326007,158.99048988415223,3156.1448860196942,50.590784602714095,108.91830204686649,3114.223941289359,8.669839872379404,52.33848088788955
389,0.07397947337218036,1229.1514911579702,54.81000887293412,85.02960598039174,1231.0466914854721,56.70520920043625,48.25070385478178,1174.341482285036,0.0,38.39153615054689
390,0.0640134420745111,709.8819404287615,70.09452390993361,64.49465257746573,711.9523324653679,72.16491594653995,47.50214744665272,639.7874165188279,-1.2012278091444274e-16,18.355328969866694
391,0.06845902327106101,5275.7756481115275,54.718205553443084,254.25404342058306,5248.245823451533,27.188380893449693,102.82093878514695,5249.810177433333,28.752734875245427,156.05790288564947
392,0.0846603922334993,5477.879246369224,64.77741477552891,312.37537698117563,5441.993926199342,28.892094605646946,114.04953668930547,5450.646627396726,37.54479580303085,204.87650509105126
393,0.09106794077605218,2798.4717489586455,83.15941844899073,218.05230287855872,2778.662842576185,63.3505120665302,115.0446502955698,2737.598689667142,22.286359157487695,107.50671153025468
394,0.026558233600735726,6229.160987612971,26.120917682212884,132.34833028705873,6219.857850402151,16.81778047139171,69.11116795509318,6212.587353011523,9.547283080764808,64.24045799585649
395,0.04404361866260342,11617.063790109707,49.27336760796189,165.71466551659313,11585.791142611368,18.00072010962263,55.50806773562944,11599.647390048523,31.85696754677863,112.008441075595
396,0.1619040332448093,5480.2905311519335,178.95012949081635,506.7429710824232,5421.572313281143,120.23191162002558,339.01127016243447,5367.76623768508,66.42583602396375,189.46444545367038
397,0.1314040478615135,8131.526917411506,145.82814391118953,663.3282930673633,8061.888147319645,76.18937381932943,324.0854735877388,8061.162008012434,75.4632345121151,364.0182470150901
398,0.08923516860479874,4151.191909699863,60.45305820369918,263.51779846670445,4141.971250219174,51.2323987230105,157.45006976407427,4101.494130089927,10.755278593764345,110.78399989893715
399,0.15493504111438106,3746.50369941438,103.45948725129851,461.8499461307368,3728.8902459471155,85.84603378403361,242.90888003497452,3666.54216448581,23.497952322727865,235.59177159187857
400,0.10693684627335087,2163.7292515306326,60.792023166643276,187.25815917864173,2164.07938992472,61.14216156073057,123.15480911987524,2104.6401269607,1.7028985967102885,68.23865329737676
401,0.05873435487384959,2544.227526551119,68.37005526398221,135.32325322897984,2526.257031819039,50.399560531902786,87.54218347740199,2494.935547309248,19.07807602211211,49.70489772715714
402,0.08103551097668693,1037.3039065325142,12.29549752553627,68.91297528362536,1037.875651711704,12.867242704725978,26.291060209455438,1025.0084090069781,0.0,43.79013636877731
403,0.050261201387117205,6937.469435990168,76.69399094449284,208.12422768190905,6908.825341821723,48.049896776047675,107.11489373346387,6890.650950236183,29.875505190509397,103.75444829042591
404,0.03783284476717008,2949.6339491698923,25.046882178347055,87.21955606134973,2938.4722660572083,13.885199065662725,37.45434500009538,2936.0664792472217,11.479412255675856,50.62226301145779
405,0.057629611726552676,8747.515980073458,38.964359532533905,230.9363626331573,8733.654768706916,25.103148165990294,86.58625266695346,8723.223197629115,14.671577088187721,147.14523871511417
406,0.1469437285522316,7826.032536421653,170.39973350990257,619.9582584074851,7770.636227820967,115.00342490921737,430.4761662630601,7716.111442488086,60.47863957633408,208.50606778518846
407,0.16900503089796814,9092.7332487044,260.55578901597124,717.5578037729241,9027.122777937107,194.945318248676,520.9700387722593,8906.547403449338,74.36994376091226,219.996498414247
408,0.03364703677254943,1956.3146629799598,25.461692356470067,62.69954889095449,1952.3567569859956,21.503786362506027,32.87845170851026,1935.208066346546,4.355095723056236,30.428384806443482
409,0.09390071675679412,4514.622640033848,96.88959685438194,265.94190966735414,4501.701694781151,83.96865160168433,198.02149588214078,4432.209520724867,14.47647754540254,71.58879270542738
410,0.058568875850992685,4470.661687870525,30.10399214184209,231.85231496140958,4465.513081163624,24.955385434939487,103.39644007402872,4446.5662406705505,6.008544941866696,132.01881533607227
411,0.03961120725996603,10552.336094671302,38.376606071902,198.26581599616088,10540.923044471281,26.96355587188108,106.27811834597534,10525.890988059607,11.931499460210375,94.03118969153967
412,0.1228415038657601,4681.96291798134,143.7370635242401,381.00132838662586,4671.675934266683,133.45007980958286,295.76711949694976,4551.590175109762,13.364320652664428,92.05455012270238
413,0.06823413632668063,6674.631824721294,53.150870181279565,321.668833701968,6651.828262023429,30.34730748341466,167.21249628943585,6645.360511652301,23.879557112287802,160.38502522536274
414,0.07048500906160304,6757.057584685367,55.44531178510307,334.42856912601104,6736.483968032138,34.871695131874425,170.16432645106312,6723.4729205955855,21.860647695319496,170.54460184793277
415,0.07329268090035257,5478.901947114425,54.06469392732576,307.1794038090133,5466.0967879202435,41.259534733143816,186.85702277671837,5438.97486577834,14.137612591240428,126.35682316484439
416,0.15205106248817402,11859.792036293413,195.97462006953157,666.9630434182578,11815.909388910499,152.09197268661637,423.6029344123985,11716.413951813145,52.596535589265955,267.6298225821144
417,0.16560489948184498,5304.511801681208,196.04358161170558,563.782874207771,5250.534051224675,142.06583115517287,375.33233598553505,5170.63971828135,62.17149821184733,210.09809738879838
418,0.10957459302830086,7405.47081748323,110.8684952563666,520.9797066518197,7358.279533095088,63.677210868222964,236.4790500430135,7345.603187011583,51.00086478472062,298.64835467789004
419,0.16102821214219498,11147.614082733622,205.3245384150884,689.9084436186943,11065.096454481736,122.80691016320141,405.9703795982292,11034.049459457216,91.75991513867847,314.49086199250263
420,0.12518295695644643,3617.34753431315,144.2851143759275,327.3014773130501,3581.483623457164,108.42120351994119,187.24807776132525,3514.3052306567133,41.242810719490244,149.3429907683224
421,0.033691424895992306,7436.8271992697855,32.4065287826787,114.47672658995582,7411.458322196256,7.037651709148708,34.852064921640014,7429.963164127285,25.54249364017745,80.48445071476772
422,0.12796526511958728,6977.920862347915,162.91540508011974,579.8645411541208,6914.709834203003,99.70437693520843,371.34448640468935,6883.9299366442365,68.92447937644319,229.79954797118003
423,0.18696791178026706,6191.121443357142,175.27423317782984,611.09138268315,6168.310436851558,152.4632266722454,477.8294892628694,6045.550723367616,29.703513188304896,154.8634495451895
424,0.13482700715356077,23684.697626671263,176.0292307412269,869.7178428692822,23613.292450068577,104.62405413853536,541.9018425087006,23587.311265171193,78.64286924114803,365.3037368910149
425,0.15670902792319663,6112.485801538856,161.62762145906942,608.888614295184,6056.819392752728,105.96121267294113,384.4762672757792,6012.948616704431,62.09043662464503,247.72168995654278
426,0.10679543544003556,4370.459969037398,111.08185040076248,261.8543350993076,4334.946148461806,75.56802982517064,151.18928708619143,4297.298586842755,37.92046820612,115.48003843127356
427,0.08215813012642625,4860.457019807707,83.49574253769048,231.28245618024718,4820.117671160336,43.156393890319556,127.60311561341904,4818.621877900311,41.66060063029591,107.58596608239176
428,0.09554053791148143,5843.801422695007,121.86687394703122,305.56982998336093,5812.882085998553,90.94753725057666,204.99569262884543,5755.228979657468,33.29443090949188,105.92759823954067
429,0.09088216161911822,5950.027129129433,118.89233614171835,295.90715242044945,5919.03087097109,87.8960779833752,194.5167199195513,5864.426456524561,33.291663536850656,106.4702350968391
430,0.09634070220657887,5411.52693028091,80.62902800661539,359.92311716628933,5346.486113333542,15.588211059246689,94.11150756075195,5397.032861039859,66.13495876556387,272.41732822226925
431,0.10387604460600708,9373.66318870989,133.39830560956307,386.4456043925687,9309.914495228759,69.64961212843457,206.23435568422659,9307.714844824253,67.44996172392379,191.1708025082944
432,0.02687867108781339,6201.215314217698,30.475203543500204,88.82715923316638,6173.243154585116,2.5030439109172953,21.376377655121647,6198.76995341348,28.029842739282167,67.94340412763168
433,0.0940657346392697,6944.221858427481,86.43474708291086,399.3430938060773,6888.37401764236,30.586906297790684,122.1508862746345,6915.7639591011675,57.97684775659328,285.6945413705831
434,0.07917823729357465,4627.4712137919005,88.03414897576977,209.20282134440467,4610.74388175083,71.30681693469896,148.91449838979867,4557.490419015205,18.053354199074292,63.05753819939366
435,0.029336957133078934,7146.446307245338,36.393868414686715,111.18373925640276,7115.511395112958,5.458956282306515,23.727207692317272,7141.126670754065,31.074231923414697,88.06208131509558
436,0.07999126836292814,4927.5787069406315,61.07249807011724,256.7281433192811,4896.178212874736,29.67200400422216,122.37726715089644,4899.201807079294,32.695598208779536,139.69231875040404
437,0.07911307292188685,4255.174309124668,44.92043624549222,255.7049655805992,4226.387211014572,16.13333813539611,66.63606666411434,4239.96920084838,29.7153279692012,192.9027977817943
438,0.06800287526177107,4994.104125500692,70.06217863682333,208.93121194359105,4968.733460196174,44.691513332304176,141.99797654729355,4950.449701119637,26.407754255767244,70.22836956375782
439,0.07902363519908384,7052.281406021467,126.18536963196583,288.40561713355396,6978.857782341475,52.761745951972536,117.70180046664925,7002.2011724803815,76.1051360908762,176.6857801717113
440,0.06524503574749974,6045.035753795277,86.35140503536077,199.51777244445603,5986.048351353741,27.3640025938262,68.2263518176976,6018.891821681408,60.207472921493455,134.3334082717547
441,0.10282367374033685,4332.65741879436,96.89408053109443,260.6046776401697,4289.604498346133,53.84116008286792,138.98087031526924,4281.181517037677,45.418178774411025,127.72927868152829
442,0.1276992629896857,18941.427280676977,86.97526795260647,648.7707919317733,18885.29171936153,30.83970663715783,209.10008582991443,18913.932640634128,59.48062790974849,462.3510032980754
443,0.08046923316776511,4263.913112454997,72.08407295600851,205.39910678289826,4258.530863866382,66.70182436739343,161.38159868166352,4198.024730343544,6.195690844556222,45.98558937853142
444,0.10961897636957207,987.8387295326659,97.43651949358569,116.2941840756075,990.2403438558821,99.83813381680186,72.73255053323145,893.4664563181407,3.064246279060422,47.54353872494048
445,0.09468004926859264,1759.2181853077532,83.0434047903005,133.17587129856443,1726.8142779146162,50.639497397163495,62.328916979565825,1711.1842657159668,35.009485198514184,74.05399331153507
446,0.1828804594919018,7653.909837286587,213.59243392167025,742.0283003449807,7539.585917512529,99.26851414761259,289.5506374026483,7566.1765992447745,125.85919587985798,486.1242484456006
447,0.1877612641513563,3155.6567941242524,123.49075261031015,452.62025581973427,3132.544139060723,100.37809754678058,216.46994232723426,3064.8936298470244,32.72758833308226,256.8853553114613
448,0.11061236706244149,1294.6926341006454,82.30634045592892,140.74677000160332,1288.7052430682952,76.31894942357869,78.00910390692607,1222.7954360262881,10.40914238157137,67.25734126129335
449,0.15745359819012206,23885.308751774446,243.40115893580293,1084.5330894359683,23772.46358611266,130.5559932740192,579.5985203496514,23766.553255699127,124.64566286048671,557.3224414791463
450,0.006675607546021256,3610.981028247944,2.2972297655341136,19.233238268713762,3610.984709996222,2.300911513812354,13.480460023292936,3608.683798482409,0.0,5.774348679652094
451,0.035351573052913365,3718.771795307094,16.52329896854167,130.45359404341806,3717.501982689298,15.253486350746181,58.54320515962591,3703.8192597162483,1.5707633776964496,73.06544430356283
452,0.042263936772112265,3465.216995964092,22.943616067900205,149.581663310792,3457.429406860967,15.156026964775334,54.35082282232167,3450.468657557258,8.195277661067276,96.69284689891774
453,0.046380822851722736,11114.493441083843,44.39758379755677,205.99732229889398,11108.259658882287,38.16380159600204,171.399000243704,11076.558601706107,6.462744419818418,35.62662357817268
454,0.04708056398090554,9157.862547688896,44.994469007174764,211.5784437265219,9158.187595034804,45.319516353081205,147.2740828832944,9112.868078681722,-4.079060187576552e-15,65.36066182819523
455,0.050914756723004384,6333.4157031014465,48.48541950123291,180.4325712001513,6331.37681509305,46.4465314928358,120.53851714783865,6287.469266577485,2.538982977269217,61.19190566885874
456,0.031256386962179805,9214.167204447836,29.989055368922994,101.42281008981307,9212.59982692681,28.42167784789352,87.47162919096486,9185.812045556748,1.6338964778359921,14.155902152642211
457,0.0162574234820555,13999.899927424834,3.749133635551587,166.05026718765896,13999.278693643855,3.127899854571006,50.27194720833096,13996.799451312616,0.6486575233330232,116.21907735389107
458,0.07963508750412951,8215.359110358577,95.00757285377387,320.55745303746716,8194.816362337382,74.46482483257725,223.04994374787813,8142.743097282429,22.391559777623794,103.04539055364457
459,0.0985951793090184,10338.779078853908,100.4168089039513,362.31825214705077,10305.99023208847,67.62796213851416,197.15037354397361,10274.075667325384,35.71339737543061,173.69358641647423
460,0.10780490698493705,11847.224365773433,105.39024503431911,404.3273362543355,11811.81002924249,69.97590850337725,216.15244211128024,11781.229462425097,39.39534168598749,200.47204047134036
461,0.07143250723752137,3962.5602845123854,80.36828300240455,188.0393240106571,3916.683966602476,34.49196509249522,88.52044719033098,3929.5173020497205,47.3253005397397,103.23755709904161
462,0.05688130307738415,2286.820358037987,35.643447868384285,111.17383713723049,2276.8530432108455,25.676133041243215,50.105298334732886,2261.9895761635735,10.81266599397148,62.71818644778809
463,0.019961601459210332,21300.891661052287,24.980955997049723,122.40998753093858,21290.702678454818,14.79197339958161,65.57495036909432,21286.255383825966,10.344678770727127,57.52526074177619
464,0.04590921569963924,2140.462744821358,33.72224175251802,66.60542025461434,2127.806521092824,21.06601802398388,37.40916061477997,2119.798437511603,13.057934442763177,29.909619925207853
465,0.04759674426942406,1012.4759360775143,18.840578704629614,49.31607029733994,1011.4753695653103,17.840012192425547,25.103853292004477,995.0949239645079,1.459566591622962,24.858106174606476
466,0.07676197796177708,6107.149958329852,49.18437611017094,255.3999589341984,6091.742336773698,33.776754554017984,134.23081651272642,6074.821829191888,16.8562469722101,126.92606534038232
467,0.07829486861168367,5008.349539041179,65.97214828901335,244.84643741449807,4985.7221347913555,43.344744039190765,116.60522480006578,4967.0571898116605,24.67979905949634,133.76252698519218
468,0.1320465863474316,8811.516692902544,120.61884950094249,484.116817181066,8788.006777811113,97.10893440951375,283.72149020381005,8719.79783975977,28.899996358170107,216.14343397295656
469,0.0855336213164688,10306.103556959542,100.3026269593226,374.2234523700076,10261.002086497729,55.20115649750748,148.38328801781552,10254.059693547026,48.2587635468073,234.32711569365918
470,0.016926635030362513,4134.630448660447,6.5855411972961875,60.010550023928744,4131.312126892049,3.2672194288970573,11.836101587368105,4131.409296441133,3.3643889779816054,48.34133535197324
471,0.07290543164953467,4528.956724663456,50.16590897866752,248.22748051068382,4521.897754220492,43.10693853570366,150.74449661726925,4487.035649849527,8.244834164737666,101.62993646921426
472,0.12362117613186274,9007.05122517518,153.36985848583754,425.0840165092133,8964.468406275075,110.78703958573121,281.0430838870361,8899.931645240731,46.250278551389364,153.34449533386277
473,0.09090025046912131,6709.272768782936,81.82113468992964,383.71984531233153,6698.848684264855,71.39705017184912,248.6533286127649,6640.249870235344,12.798236142338872,143.33493538888695
474,0.17744196454834338,6257.688060057413,221.2913533937015,573.2055498046216,6213.353069178012,176.95636251430017,420.8939789683905,6088.85378766486,52.4570810011489,171.63011231340414
475,0.03143249108525925,3924.4677282682787,28.53772164593914,89.83682389199144,3909.696243018657,13.76623639631687,41.51142593453612,3910.9083282229344,14.978321600595061,48.94910305860221
476,0.09453606232104184,4282.739703687567,103.17925205865092,263.7074350988091,4249.038516868691,69.478065239774,180.67187187798388,4215.505195266292,35.94474363737471,88.86974424851682
477,0.09094747148838256,6280.883979550054,85.1011879479452,295.584328187498,6257.921324850981,62.1385332488717,178.37068510672992,6220.8058741417935,25.0230825396843,123.12816835723011
478,0.09857517978452146,1641.2012471438866,49.50520994265072,149.93361082009955,1642.4787519037695,50.78271470253387,75.54585194769021,1592.9507317023758,1.2546945011403914,78.154732568004
479,0.17606003411769755,7946.74001285426,187.68541482729933,597.943722052352,7924.506690702825,165.45209267586466,446.748657640403,7788.052592068689,28.99799404172365,169.46082362652092
480,0.10961640180475785,3900.418875339375,105.27883069870184,345.52459216569866,3882.590014165196,87.44996952452244,194.41766709269828,3817.147913894756,22.007869254081616,160.3976430237745
481,0.11086194233104618,3582.716389897411,97.70977903303502,322.28138647902097,3569.588857368095,84.58224650371913,177.18099378920297,3502.228145871673,17.221535007297515,153.67641730028225
482,0.04599444076308046,7729.072075926023,60.16959877300252,188.94106399039381,7696.436510726252,27.534033573231294,82.21175462905029,7702.195149228393,33.292672075374874,108.69131427713288
483,0.11036339237155124,3898.3730376262906,105.24505937040753,346.28277268628426,3880.493112469023,87.36513421313873,195.26330500992873,3815.182857432732,22.05487917684761,160.35059647813384
484,0.11074338100170122,5896.981480827899,88.40644279137763,333.55534416087414,5889.336587596354,80.76154955983262,217.68777065233593,5818.759524774473,10.184486737951518,122.71289101155615
485,0.08281993382760988,3517.0230117718947,70.83568705287935,228.37034132462102,3505.8203749883974,59.633050269381634,105.47270642246363,3459.8416011580857,13.654276439069083,127.23383887759816
486,0.05836983641016691,9637.857650315427,103.10843276921113,291.5920010570012,9588.883361938724,54.134144392506926,132.7543556474721,9585.441901673961,50.69268412774242,163.05170519077143
487,0.05809026414106644,6851.651600021531,70.85395067873002,247.1982023886701,6818.149592462371,37.35194311957063,116.57561789252487,6815.496904866978,34.69925552417819,134.35920191510644
488,0.0435005341174054,13998.657596145727,38.50061417218592,459.114091686635,13982.783805881592,22.62682390804898,105.40779620215855,13976.768939471047,16.611957497503663,357.14507158553374
489,0.07388239103357097,7430.933167082237,75.50966552595062,264.67242922184283,7408.005521908291,52.58202035200254,198.0181028680181,7379.298797573271,23.875296016986695,70.22307515547931
490,0.06420022210582332,3892.3498004884777,59.68770489969239,207.53787057477425,3878.505188771103,45.84309318231741,126.64016184570262,3847.6269275577683,14.964831968983534,83.99228337747823
491,0.07398361110165352,3691.6910752598783,61.65316533773503,230.62619490077097,3673.2160573959895,43.1781474738462,117.43698600712084,3650.0328492176927,19.994939295550004,117.32312853459898
492,0.02619036423020038,2709.620250826108,15.65077054957642,69.89453164947392,2709.828524461741,15.859044185209335,34.97448550908782,2693.9694802765307,0.0,35.379359019920265
493,0.05901013498264829,5771.866326165903,56.19762898386533,201.65161121344832,5767.716424808679,52.04772762664089,121.41626753926224,5720.621747892127,4.953050710087629,82.10892012310889
494,0.07742632272255334,14213.082032059758,92.20014992142839,395.7425981003611,14195.563791842014,74.68190970368708,264.6704501459431,14140.064334921057,19.18245278272665,136.97006741658547
495,0.053773001588148905,3578.438478254966,37.13738439742352,134.3443709524792,3572.141184976862,30.840091119319794,81.92414466327583,3548.0795307401545,6.778436882611727,53.698344376047515
496,0.06417523545446768,6192.401616633635,75.25598409465326,248.8756218441088,6186.089476266505,68.94384372752258,183.82424990580196,6124.378777725961,7.233145186975653,67.50703746279864
497,0.06198671322198679,8880.673017006755,79.91310189508918,315.3786410636744,8869.100403249817,68.34048813815454,230.9826436809623,8813.3609390054,12.60102389373762,87.87190015511895
498,0.03530214441417867,12293.544287029916,43.74741201188121,223.89352997785343,12291.99373560516,42.1968605871267,191.1208095070525,12251.507238161374,1.7103631433360862,33.496550267592475
499,0.0822086182997388,11326.5581371305,111.19282355655403,419.9924764791333,11278.900322250363,63.53500867641938,202.3743465732892,11265.82723210026,50.461918526317,226.54987722030614
